{
  "classification": {
    "rf": {
      "accuracy_mean": 0.9218760892296967,
      "accuracy_std": 0.02052428277445917,
      "auc_mean": 0.8949694948460312,
      "auc_std": 0.059195704548869875
    },
    "xgb": {
      "accuracy_mean": 0.9178982223771349,
      "accuracy_std": 0.022830181274311422,
      "auc_mean": 0.8892658846291418,
      "auc_std": 0.05188189423347346
    }
  },
  "regression": {
    "rf": {
      "rmse_mean": 20.97484150308884,
      "rmse_std": 6.11885684866884,
      "r2_mean": -1.4136435377857763,
      "r2_std": 3.6164181243526605
    },
    "xgb": {
      "rmse_mean": 20.73653294170201,
      "rmse_std": 6.085419948673941,
      "r2_mean": -1.1627169441048835,
      "r2_std": 2.916083025820574
    }
  },
  "efficiency": {
    "rf": {
      "rmse_mean": 0.2684641672746472,
      "rmse_std": 0.04759321490457291,
      "r2_mean": -0.16765101580381675,
      "r2_std": 0.8339084410086055
    },
    "xgb": {
      "rmse_mean": 0.26901116873526726,
      "rmse_std": 0.04853822914409915,
      "r2_mean": -0.1758168321908112,
      "r2_std": 0.8854025979836576
    }
  }
}